{"v":"5.6.5","fr":29.9700012207031,"ip":0,"op":14.0000005702317,"w":600,"h":600,"nm":"elephant animation illistration","ddd":0,"assets":[],"fonts":{"list":[{"fName":"Ubuntu-Light","fFamily":"Ubuntu","fStyle":"Light","ascent":77.5985717773438}]},"layers":[{"ddd":0,"ind":1,"ty":5,"nm":"LOADING.","sr":1,"ks":{"o":{"a":0,"k":100,"ix":11},"r":{"a":0,"k":0,"ix":10},"p":{"a":0,"k":[201,488,0],"ix":2},"a":{"a":0,"k":[0,0,0],"ix":1},"s":{"a":0,"k":[200,200,100],"ix":6}},"ao":0,"t":{"d":{"k":[{"s":{"s":16,"f":"Ubuntu-Light","t":"LOADING.","j":0,"tr":0,"lh":19.2,"ls":0,"fc":[0.302,0.639,0.808]},"t":0},{"s":{"s":16,"f":"Ubuntu-Light","t":"LOADING..","j":0,"tr":0,"lh":19.2,"ls":0,"fc":[0.302,0.639,0.808]},"t":4.00000016292334},{"s":{"s":16,"f":"Ubuntu-Light","t":"LOADING...","j":0,"tr":0,"lh":19.2,"ls":0,"fc":[0.302,0.639,0.808]},"t":7.00000028511585},{"s":{"s":16,"f":"Ubuntu-Light","t":"LOADING..","j":0,"tr":0,"lh":19.2,"ls":0,"fc":[0.302,0.639,0.808]},"t":11.0000004480392},{"s":{"s":16,"f":"Ubuntu-Light","t":"LOADING.","j":0,"tr":0,"lh":19.2,"ls":0,"fc":[0.302,0.639,0.808]},"t":14.0000005702317}]},"p":{},"m":{"g":1,"a":{"a":0,"k":[0,0],"ix":2}},"a":[]},"ip":0,"op":900.000036657751,"st":0,"bm":0},{"ddd":0,"ind":2,"ty":4,"nm":"Shape Layer 1","sr":1,"ks":{"o":{"a":0,"k":100,"ix":11},"r":{"a":0,"k":0,"ix":10},"p":{"a":0,"k":[300,300,0],"ix":2},"a":{"a":0,"k":[0,0,0],"ix":1},"s":{"a":0,"k":[200,200,100],"ix":6}},"ao":0,"shapes":[],"ip":0,"op":900.000036657751,"st":0,"bm":0},{"ddd":0,"ind":3,"ty":4,"nm":"Layer 2 Outlines","sr":1,"ks":{"o":{"a":0,"k":100,"ix":11},"r":{"a":0,"k":0,"ix":10},"p":{"a":1,"k":[{"i":{"x":0.833,"y":0.833},"o":{"x":0.167,"y":0.167},"t":0,"s":[453.984,322.733,0],"to":[0,1.667,0],"ti":[0,0,0]},{"i":{"x":0.833,"y":0.833},"o":{"x":0.167,"y":0.167},"t":4,"s":[453.984,332.733,0],"to":[0,0,0],"ti":[0,0,0]},{"i":{"x":0.833,"y":0.833},"o":{"x":0.167,"y":0.167},"t":7,"s":[453.984,322.733,0],"to":[0,0,0],"ti":[0,0,0]},{"i":{"x":0.833,"y":0.833},"o":{"x":0.167,"y":0.167},"t":11,"s":[453.984,332.733,0],"to":[0,0,0],"ti":[0,1.667,0]},{"t":14.0000005702317,"s":[453.984,322.733,0]}],"ix":2},"a":{"a":0,"k":[4.841,3.596,0],"ix":1},"s":{"a":0,"k":[200,200,100],"ix":6}},"ao":0,"shapes":[{"ty":"gr","it":[{"ind":0,"ty":"sh","ix":1,"ks":{"a":0,"k":{"i":[[-0.978,2.585],[0,0],[0,0],[0,0],[0,0]],"o":[[0,0],[0,0],[0,0],[0,0],[2.585,0.979]],"v":[[4.591,-0.542],[4.591,-0.542],[-2.819,-3.346],[-4.591,1.335],[-1.861,2.367]],"c":true},"ix":2},"nm":"Path 1","mn":"ADBE Vector Shape - Group","hd":false},{"ty":"fl","c":{"a":0,"k":[1,1,1,1],"ix":4},"o":{"a":0,"k":100,"ix":5},"r":1,"bm":0,"nm":"Fill 1","mn":"ADBE Vector Graphic - Fill","hd":false},{"ty":"tr","p":{"a":0,"k":[4.841,3.597],"ix":2},"a":{"a":0,"k":[0,0],"ix":1},"s":{"a":0,"k":[100,100],"ix":3},"r":{"a":0,"k":0,"ix":6},"o":{"a":0,"k":100,"ix":7},"sk":{"a":0,"k":0,"ix":4},"sa":{"a":0,"k":0,"ix":5},"nm":"Transform"}],"nm":"Group 1","np":2,"cix":2,"bm":0,"ix":1,"mn":"ADBE Vector Group","hd":false}],"ip":0,"op":900.000036657751,"st":0,"bm":0},{"ddd":0,"ind":4,"ty":4,"nm":"Layer 3 Outlines","sr":1,"ks":{"o":{"a":0,"k":100,"ix":11},"r":{"a":0,"k":0,"ix":10},"p":{"a":1,"k":[{"i":{"x":0.833,"y":0.833},"o":{"x":0.167,"y":0.167},"t":0,"s":[436,269,0],"to":[0,0,0],"ti":[0,0,0]},{"i":{"x":0.833,"y":0.833},"o":{"x":0.167,"y":0.167},"t":4,"s":[436,279,0],"to":[0,0,0],"ti":[0,0,0]},{"i":{"x":0.833,"y":0.833},"o":{"x":0.167,"y":0.167},"t":7,"s":[436,269,0],"to":[0,0,0],"ti":[0,0,0]},{"i":{"x":0.833,"y":0.833},"o":{"x":0.167,"y":0.167},"t":11,"s":[436,279,0],"to":[0,0,0],"ti":[0,0,0]},{"t":14.0000005702317,"s":[436,269,0]}],"ix":2},"a":{"a":0,"k":[5.75,5.75,0],"ix":1},"s":{"a":0,"k":[200,200,100],"ix":6}},"ao":0,"shapes":[{"ty":"gr","it":[{"ind":0,"ty":"sh","ix":1,"ks":{"a":0,"k":{"i":[[0,-1.381],[1.381,0],[0,1.381],[-1.381,0]],"o":[[0,1.381],[-1.381,0],[0,-1.381],[1.381,0]],"v":[[2.5,0],[0,2.5],[-2.5,0],[0,-2.5]],"c":true},"ix":2},"nm":"Path 1","mn":"ADBE Vector Shape - Group","hd":false},{"ty":"fl","c":{"a":0,"k":[0.310000011968,0.149000010771,0.030999998953,1],"ix":4},"o":{"a":0,"k":100,"ix":5},"r":1,"bm":0,"nm":"Fill 1","mn":"ADBE Vector Graphic - Fill","hd":false},{"ty":"tr","p":{"a":0,"k":[6.75,6.75],"ix":2},"a":{"a":0,"k":[0,0],"ix":1},"s":{"a":0,"k":[100,100],"ix":3},"r":{"a":0,"k":0,"ix":6},"o":{"a":0,"k":100,"ix":7},"sk":{"a":0,"k":0,"ix":4},"sa":{"a":0,"k":0,"ix":5},"nm":"Transform"}],"nm":"Group 1","np":2,"cix":2,"bm":0,"ix":1,"mn":"ADBE Vector Group","hd":false},{"ty":"gr","it":[{"ind":0,"ty":"sh","ix":1,"ks":{"a":0,"k":{"i":[[0,-3.038],[3.037,0],[0,3.038],[-3.037,0]],"o":[[0,3.038],[-3.037,0],[0,-3.038],[3.037,0]],"v":[[5.5,0],[0,5.5],[-5.5,0],[0,-5.5]],"c":true},"ix":2},"nm":"Path 1","mn":"ADBE Vector Shape - Group","hd":false},{"ty":"fl","c":{"a":0,"k":[1,1,1,1],"ix":4},"o":{"a":0,"k":100,"ix":5},"r":1,"bm":0,"nm":"Fill 1","mn":"ADBE Vector Graphic - Fill","hd":false},{"ty":"tr","p":{"a":0,"k":[5.75,5.75],"ix":2},"a":{"a":0,"k":[0,0],"ix":1},"s":{"a":0,"k":[100,100],"ix":3},"r":{"a":0,"k":0,"ix":6},"o":{"a":0,"k":100,"ix":7},"sk":{"a":0,"k":0,"ix":4},"sa":{"a":0,"k":0,"ix":5},"nm":"Transform"}],"nm":"Group 2","np":2,"cix":2,"bm":0,"ix":2,"mn":"ADBE Vector Group","hd":false}],"ip":0,"op":900.000036657751,"st":0,"bm":0},{"ddd":0,"ind":5,"ty":4,"nm":"Layer 4 Outlines","sr":1,"ks":{"o":{"a":0,"k":100,"ix":11},"r":{"a":1,"k":[{"i":{"x":[0.833],"y":[0.833]},"o":{"x":[0.167],"y":[0.167]},"t":0,"s":[6.233]},{"i":{"x":[0.833],"y":[0.833]},"o":{"x":[0.167],"y":[0.167]},"t":7,"s":[-57.55]},{"t":14.0000005702317,"s":[6.233]}],"ix":10},"p":{"a":1,"k":[{"i":{"x":0.833,"y":0.833},"o":{"x":0.167,"y":0.167},"t":0,"s":[200.766,330.966,0],"to":[0,0,0],"ti":[0,0,0]},{"i":{"x":0.833,"y":0.833},"o":{"x":0.167,"y":0.167},"t":4,"s":[199.055,332.827,0],"to":[0,0,0],"ti":[0,0,0]},{"i":{"x":0.833,"y":0.833},"o":{"x":0.167,"y":0.167},"t":7,"s":[197.766,342.995,0],"to":[0,0,0],"ti":[0,0,0]},{"i":{"x":0.833,"y":0.833},"o":{"x":0.167,"y":0.167},"t":11,"s":[199.477,331.134,0],"to":[0,0,0],"ti":[0,0,0]},{"t":14.0000005702317,"s":[200.766,330.966,0]}],"ix":2},"a":{"a":1,"k":[{"i":{"x":0.833,"y":0.833},"o":{"x":0.167,"y":0.167},"t":0,"s":[25.154,33.044,0],"to":[0,0,0],"ti":[0,0,0]},{"i":{"x":0.833,"y":0.833},"o":{"x":0.167,"y":0.167},"t":7,"s":[25.154,33.044,0],"to":[0,0,0],"ti":[0,0,0]},{"t":14.0000005702317,"s":[25.154,33.044,0]}],"ix":1},"s":{"a":0,"k":[200,200,100],"ix":6}},"ao":0,"shapes":[{"ty":"gr","it":[{"ind":0,"ty":"sh","ix":1,"ks":{"a":0,"k":{"i":[[-4.192,-2.344],[0,0],[-1.927,3.329],[0,0],[5.816,1.914],[7.321,-12.48],[0,0],[0.125,-0.249],[2.028,-3.387],[0.511,-0.466],[0,0]],"o":[[0,0],[3.356,1.877],[0,0],[3.067,-5.3],[-13.744,-4.522],[0,0],[-0.095,0.262],[-1.663,3.317],[-0.355,0.593],[0,0],[-3.549,3.236]],"v":[[-25.049,21.007],[-7.329,30.917],[2.196,28.3],[26.837,-14.279],[21.504,-28.272],[-14.598,-14.634],[-17.631,-6.252],[-17.96,-5.494],[-23.591,6.746],[-24.896,8.335],[-26.355,9.665]],"c":true},"ix":2},"nm":"Path 1","mn":"ADBE Vector Shape - Group","hd":false},{"ty":"fl","c":{"a":0,"k":[0.301999978458,0.638999968884,0.808000033509,1],"ix":4},"o":{"a":0,"k":100,"ix":5},"r":1,"bm":0,"nm":"Fill 1","mn":"ADBE Vector Graphic - Fill","hd":false},{"ty":"tr","p":{"a":0,"k":[24.154,48.544],"ix":2},"a":{"a":0,"k":[0,0],"ix":1},"s":{"a":0,"k":[100,100],"ix":3},"r":{"a":0,"k":0,"ix":6},"o":{"a":0,"k":100,"ix":7},"sk":{"a":0,"k":0,"ix":4},"sa":{"a":0,"k":0,"ix":5},"nm":"Transform"}],"nm":"Group 1","np":2,"cix":2,"bm":0,"ix":1,"mn":"ADBE Vector Group","hd":false}],"ip":0,"op":900.000036657751,"st":0,"bm":0},{"ddd":0,"ind":6,"ty":4,"nm":"Layer 5 Outlines","sr":1,"ks":{"o":{"a":0,"k":100,"ix":11},"r":{"a":1,"k":[{"i":{"x":[0.833],"y":[0.833]},"o":{"x":[0.167],"y":[0.167]},"t":0,"s":[0]},{"i":{"x":[0.833],"y":[0.833]},"o":{"x":[0.167],"y":[0.167]},"t":7,"s":[56.8]},{"t":14.0000005702317,"s":[0]}],"ix":10},"p":{"a":1,"k":[{"i":{"x":0.833,"y":0.833},"o":{"x":0.167,"y":0.167},"t":0,"s":[362.291,328.624,0],"to":[0,0,0],"ti":[0,0,0]},{"i":{"x":0.833,"y":0.833},"o":{"x":0.167,"y":0.167},"t":4,"s":[358.299,323.624,0],"to":[0,0,0],"ti":[0,0,0]},{"i":{"x":0.833,"y":0.833},"o":{"x":0.167,"y":0.167},"t":7,"s":[355.291,328.624,0],"to":[0,0,0],"ti":[0,0,0]},{"i":{"x":0.833,"y":0.833},"o":{"x":0.167,"y":0.167},"t":11,"s":[359.29,323.624,0],"to":[0,0,0],"ti":[0,0,0]},{"t":14.0000005702317,"s":[362.291,328.624,0]}],"ix":2},"a":{"a":1,"k":[{"i":{"x":0.833,"y":0.833},"o":{"x":0.167,"y":0.167},"t":0,"s":[28.973,33.368,0],"to":[0,0,0],"ti":[0,0,0]},{"i":{"x":0.833,"y":0.833},"o":{"x":0.167,"y":0.167},"t":7,"s":[28.973,33.368,0],"to":[0,0,0],"ti":[0,0,0]},{"t":14.0000005702317,"s":[28.973,33.368,0]}],"ix":1},"s":{"a":0,"k":[200,200,100],"ix":6}},"ao":0,"shapes":[{"ty":"gr","it":[{"ind":0,"ty":"sh","ix":1,"ks":{"a":0,"k":{"i":[[4.343,-2.052],[0,0],[1.695,3.452],[0,0],[-5.934,1.511],[-6.45,-12.951],[0,0],[-0.107,-0.257],[-1.792,-3.518],[-0.478,-0.5],[0,0]],"o":[[0,0],[-3.478,1.643],[0,0],[-2.697,-5.497],[14.021,-3.571],[0,0],[0.076,0.268],[1.434,3.423],[0.314,0.616],[0,0],[3.319,3.471]],"v":[[23.325,22.801],[4.969,31.476],[-4.356,28.214],[-26.026,-15.952],[-19.747,-29.548],[15.337,-13.471],[17.79,-4.901],[18.065,-4.122],[22.846,8.474],[24.039,10.148],[25.404,11.576]],"c":true},"ix":2},"nm":"Path 1","mn":"ADBE Vector Shape - Group","hd":false},{"ty":"fl","c":{"a":0,"k":[0.301999978458,0.638999968884,0.808000033509,1],"ix":4},"o":{"a":0,"k":100,"ix":5},"r":1,"bm":0,"nm":"Fill 1","mn":"ADBE Vector Graphic - Fill","hd":false},{"ty":"tr","p":{"a":0,"k":[36.973,52.369],"ix":2},"a":{"a":0,"k":[0,0],"ix":1},"s":{"a":0,"k":[100,100],"ix":3},"r":{"a":0,"k":0,"ix":6},"o":{"a":0,"k":100,"ix":7},"sk":{"a":0,"k":0,"ix":4},"sa":{"a":0,"k":0,"ix":5},"nm":"Transform"}],"nm":"Group 1","np":2,"cix":2,"bm":0,"ix":1,"mn":"ADBE Vector Group","hd":false}],"ip":0,"op":900.000036657751,"st":0,"bm":0},{"ddd":0,"ind":7,"ty":4,"nm":"Layer 6 Outlines","sr":1,"ks":{"o":{"a":0,"k":100,"ix":11},"r":{"a":1,"k":[{"i":{"x":[0.833],"y":[0.833]},"o":{"x":[0.167],"y":[0.167]},"t":0,"s":[0]},{"i":{"x":[0.833],"y":[0.833]},"o":{"x":[0.167],"y":[0.167]},"t":4,"s":[-5.259]},{"i":{"x":[0.833],"y":[0.833]},"o":{"x":[0.167],"y":[0.167]},"t":7,"s":[0]},{"i":{"x":[0.833],"y":[0.833]},"o":{"x":[0.167],"y":[0.167]},"t":11,"s":[-5.26]},{"t":14.0000005702317,"s":[0]}],"ix":10},"p":{"a":1,"k":[{"i":{"x":0.833,"y":0.833},"o":{"x":0.167,"y":0.167},"t":0,"s":[439,228,0],"to":[0,0,0],"ti":[0,0,0]},{"i":{"x":0.833,"y":0.833},"o":{"x":0.167,"y":0.167},"t":4,"s":[439,243,0],"to":[0,0,0],"ti":[0,0,0]},{"i":{"x":0.833,"y":0.833},"o":{"x":0.167,"y":0.167},"t":7,"s":[439,228,0],"to":[0,0,0],"ti":[0,0,0]},{"i":{"x":0.833,"y":0.833},"o":{"x":0.167,"y":0.167},"t":11,"s":[439,243,0],"to":[0,0,0],"ti":[0,0,0]},{"t":14.0000005702317,"s":[439,228,0]}],"ix":2},"a":{"a":0,"k":[18.75,54.75,0],"ix":1},"s":{"a":0,"k":[200,200,100],"ix":6}},"ao":0,"shapes":[{"ty":"gr","it":[{"ind":0,"ty":"sh","ix":1,"ks":{"a":0,"k":{"i":[[0,0],[0,0],[0,0],[0,0],[-0.298,-14.465],[0,0],[-0.423,-4.024]],"o":[[0,0],[0,0],[0,0],[14.203,2.762],[0,0],[-0.115,4.045],[0,0]],"v":[[18.5,54.5],[9.5,54.5],[-18.5,-54.5],[-6.841,-52.233],[18.011,-22.709],[15.673,22.426],[16.136,34.543]],"c":true},"ix":2},"nm":"Path 1","mn":"ADBE Vector Shape - Group","hd":false},{"ty":"fl","c":{"a":0,"k":[0.301999978458,0.638999968884,0.808000033509,1],"ix":4},"o":{"a":0,"k":100,"ix":5},"r":1,"bm":0,"nm":"Fill 1","mn":"ADBE Vector Graphic - Fill","hd":false},{"ty":"tr","p":{"a":0,"k":[20.75,82.75],"ix":2},"a":{"a":0,"k":[0,0],"ix":1},"s":{"a":0,"k":[100,100],"ix":3},"r":{"a":0,"k":0,"ix":6},"o":{"a":0,"k":100,"ix":7},"sk":{"a":0,"k":0,"ix":4},"sa":{"a":0,"k":0,"ix":5},"nm":"Transform"}],"nm":"Group 1","np":2,"cix":2,"bm":0,"ix":1,"mn":"ADBE Vector Group","hd":false}],"ip":0,"op":900.000036657751,"st":0,"bm":0},{"ddd":0,"ind":8,"ty":4,"nm":"Layer 7 Outlines","sr":1,"ks":{"o":{"a":0,"k":100,"ix":11},"r":{"a":1,"k":[{"i":{"x":[0.833],"y":[0.833]},"o":{"x":[0.167],"y":[0.167]},"t":0,"s":[0]},{"i":{"x":[0.833],"y":[0.833]},"o":{"x":[0.167],"y":[0.167]},"t":4,"s":[9.592]},{"i":{"x":[0.833],"y":[0.833]},"o":{"x":[0.167],"y":[0.167]},"t":7,"s":[0]},{"i":{"x":[0.833],"y":[0.833]},"o":{"x":[0.167],"y":[0.167]},"t":11,"s":[9.592]},{"t":14.0000005702317,"s":[0]}],"ix":10},"p":{"a":1,"k":[{"i":{"x":0.833,"y":0.833},"o":{"x":0.167,"y":0.167},"t":0,"s":[381.306,196.891,0],"to":[0,0,0],"ti":[0,0,0]},{"i":{"x":0.833,"y":0.833},"o":{"x":0.167,"y":0.167},"t":4,"s":[381.306,218.891,0],"to":[0,0,0],"ti":[0,0,0]},{"i":{"x":0.833,"y":0.833},"o":{"x":0.167,"y":0.167},"t":7,"s":[381.306,196.891,0],"to":[0,0,0],"ti":[0,0,0]},{"i":{"x":0.833,"y":0.833},"o":{"x":0.167,"y":0.167},"t":11,"s":[381.306,218.891,0],"to":[0,0,0],"ti":[0,0,0]},{"t":14.0000005702317,"s":[381.306,196.891,0]}],"ix":2},"a":{"a":1,"k":[{"i":{"x":0.833,"y":0.833},"o":{"x":0.167,"y":0.167},"t":0,"s":[42.655,52.541,0],"to":[0,0,0],"ti":[0,0,0]},{"i":{"x":0.833,"y":0.833},"o":{"x":0.167,"y":0.167},"t":7,"s":[42.655,52.541,0],"to":[0,0,0],"ti":[0,0,0]},{"t":14.0000005702317,"s":[42.655,52.541,0]}],"ix":1},"s":{"a":0,"k":[200,200,100],"ix":6}},"ao":0,"shapes":[{"ty":"gr","it":[{"ind":0,"ty":"sh","ix":1,"ks":{"a":0,"k":{"i":[[0,0],[31.733,-41.517],[-37.946,-8.278],[-10.43,12.559]],"o":[[0,0],[0,0],[0,0],[9.804,-11.806]],"v":[[42.406,27.149],[-3.482,-10.774],[-4.46,39.088],[29.579,39.731]],"c":true},"ix":2},"nm":"Path 1","mn":"ADBE Vector Shape - Group","hd":false},{"ty":"fl","c":{"a":0,"k":[0.301999978458,0.638999968884,0.808000033509,1],"ix":4},"o":{"a":0,"k":100,"ix":5},"r":1,"bm":0,"nm":"Fill 1","mn":"ADBE Vector Graphic - Fill","hd":false},{"ty":"tr","p":{"a":0,"k":[20.155,34.041],"ix":2},"a":{"a":0,"k":[0,0],"ix":1},"s":{"a":0,"k":[100,100],"ix":3},"r":{"a":0,"k":0,"ix":6},"o":{"a":0,"k":100,"ix":7},"sk":{"a":0,"k":0,"ix":4},"sa":{"a":0,"k":0,"ix":5},"nm":"Transform"}],"nm":"Group 1","np":2,"cix":2,"bm":0,"ix":1,"mn":"ADBE Vector Group","hd":false}],"ip":0,"op":900.000036657751,"st":0,"bm":0},{"ddd":0,"ind":9,"ty":4,"nm":"Layer 8 Outlines","sr":1,"ks":{"o":{"a":0,"k":100,"ix":11},"r":{"a":0,"k":0,"ix":10},"p":{"a":1,"k":[{"i":{"x":0.833,"y":0.833},"o":{"x":0.167,"y":0.167},"t":0,"s":[325.341,164.156,0],"to":[0,0,0],"ti":[0,0,0]},{"i":{"x":0.833,"y":0.833},"o":{"x":0.167,"y":0.167},"t":4,"s":[325.341,180.156,0],"to":[0,0,0],"ti":[0,0,0]},{"i":{"x":0.833,"y":0.833},"o":{"x":0.167,"y":0.167},"t":7,"s":[325.341,164.156,0],"to":[0,0,0],"ti":[0,0,0]},{"i":{"x":0.833,"y":0.833},"o":{"x":0.167,"y":0.167},"t":11,"s":[325.341,180.156,0],"to":[0,0,0],"ti":[0,0,0]},{"t":14.0000005702317,"s":[325.341,164.156,0]}],"ix":2},"a":{"a":0,"k":[41.118,50.629,0],"ix":1},"s":{"a":0,"k":[200,200,100],"ix":6}},"ao":0,"shapes":[{"ty":"gr","it":[{"ind":0,"ty":"sh","ix":1,"ks":{"a":0,"k":{"i":[[0,0],[33.692,-39.943],[-37.502,-10.093],[-11.022,12.043]],"o":[[0,0],[0,0],[0,0],[10.36,-11.321]],"v":[[40.868,25.67],[0.008,-10.435],[-3.367,39.32],[27.244,38.336]],"c":true},"ix":2},"nm":"Path 1","mn":"ADBE Vector Shape - Group","hd":false},{"ty":"fl","c":{"a":0,"k":[0.258999992819,0.505999995213,0.728999956916,1],"ix":4},"o":{"a":0,"k":100,"ix":5},"r":1,"bm":0,"nm":"Fill 1","mn":"ADBE Vector Graphic - Fill","hd":false},{"ty":"tr","p":{"a":0,"k":[41.119,50.629],"ix":2},"a":{"a":0,"k":[0,0],"ix":1},"s":{"a":0,"k":[100,100],"ix":3},"r":{"a":0,"k":0,"ix":6},"o":{"a":0,"k":100,"ix":7},"sk":{"a":0,"k":0,"ix":4},"sa":{"a":0,"k":0,"ix":5},"nm":"Transform"}],"nm":"Group 1","np":2,"cix":2,"bm":0,"ix":1,"mn":"ADBE Vector Group","hd":false}],"ip":0,"op":900.000036657751,"st":0,"bm":0},{"ddd":0,"ind":10,"ty":4,"nm":"Layer 9 Outlines","sr":1,"ks":{"o":{"a":0,"k":100,"ix":11},"r":{"a":1,"k":[{"i":{"x":[0.833],"y":[0.833]},"o":{"x":[0.167],"y":[0.167]},"t":0,"s":[0]},{"i":{"x":[0.833],"y":[0.833]},"o":{"x":[0.167],"y":[0.167]},"t":4,"s":[0]},{"i":{"x":[0.833],"y":[0.833]},"o":{"x":[0.167],"y":[0.167]},"t":7,"s":[0]},{"i":{"x":[0.833],"y":[0.833]},"o":{"x":[0.167],"y":[0.167]},"t":11,"s":[0]},{"t":14.0000005702317,"s":[0]}],"ix":10},"p":{"a":1,"k":[{"i":{"x":0.833,"y":0.833},"o":{"x":0.167,"y":0.167},"t":0,"s":[288,270,0],"to":[0,0,0],"ti":[0,0,0]},{"i":{"x":0.833,"y":0.833},"o":{"x":0.167,"y":0.167},"t":4,"s":[288,284,0],"to":[0,0,0],"ti":[0,0,0]},{"i":{"x":0.833,"y":0.833},"o":{"x":0.167,"y":0.167},"t":7,"s":[288,270,0],"to":[0,0,0],"ti":[0,0,0]},{"i":{"x":0.833,"y":0.833},"o":{"x":0.167,"y":0.167},"t":11,"s":[288,284,0],"to":[0,0,0],"ti":[0,0,0]},{"t":14.0000005702317,"s":[288,270,0]}],"ix":2},"a":{"a":0,"k":[86.75,55.25,0],"ix":1},"s":{"a":0,"k":[200,200,100],"ix":6}},"ao":0,"shapes":[{"ty":"gr","it":[{"ind":0,"ty":"sh","ix":1,"ks":{"a":0,"k":{"i":[[31.204,0],[0,0],[0,31.204],[-31.204,0],[0,0],[0,0],[0,-31.204]],"o":[[0,0],[-31.204,0],[0,-31.204],[0,0],[0,0],[31.204,0],[0,31.204]],"v":[[30,55],[-30,55],[-86.5,-1.5],[-31,-55],[8.124,-53],[38,-53],[86.5,-1.5]],"c":true},"ix":2},"nm":"Path 1","mn":"ADBE Vector Shape - Group","hd":false},{"ty":"fl","c":{"a":0,"k":[0.301999978458,0.638999968884,0.808000033509,1],"ix":4},"o":{"a":0,"k":100,"ix":5},"r":1,"bm":0,"nm":"Fill 1","mn":"ADBE Vector Graphic - Fill","hd":false},{"ty":"tr","p":{"a":0,"k":[86.75,55.25],"ix":2},"a":{"a":0,"k":[0,0],"ix":1},"s":{"a":0,"k":[100,100],"ix":3},"r":{"a":0,"k":0,"ix":6},"o":{"a":0,"k":100,"ix":7},"sk":{"a":0,"k":0,"ix":4},"sa":{"a":0,"k":0,"ix":5},"nm":"Transform"}],"nm":"Group 1","np":2,"cix":2,"bm":0,"ix":1,"mn":"ADBE Vector Group","hd":false}],"ip":0,"op":900.000036657751,"st":0,"bm":0},{"ddd":0,"ind":11,"ty":4,"nm":"Layer 10 Outlines","sr":1,"ks":{"o":{"a":0,"k":100,"ix":11},"r":{"a":1,"k":[{"i":{"x":[0.833],"y":[0.833]},"o":{"x":[0.167],"y":[0.167]},"t":0,"s":[0]},{"i":{"x":[0.833],"y":[0.833]},"o":{"x":[0.167],"y":[0.167]},"t":4,"s":[9.592]},{"i":{"x":[0.833],"y":[0.833]},"o":{"x":[0.167],"y":[0.167]},"t":7,"s":[0]},{"i":{"x":[0.833],"y":[0.833]},"o":{"x":[0.167],"y":[0.167]},"t":11,"s":[9.592]},{"t":14.0000005702317,"s":[0]}],"ix":10},"p":{"a":1,"k":[{"i":{"x":0.833,"y":0.833},"o":{"x":0.167,"y":0.167},"t":0,"s":[346.388,170.452,0],"to":[0,0,0],"ti":[0,0,0]},{"i":{"x":0.833,"y":0.833},"o":{"x":0.167,"y":0.167},"t":4,"s":[346.388,187.452,0],"to":[0,0,0],"ti":[0,0,0]},{"i":{"x":0.833,"y":0.833},"o":{"x":0.167,"y":0.167},"t":7,"s":[346.388,170.452,0],"to":[0,0,0],"ti":[0,0,0]},{"i":{"x":0.833,"y":0.833},"o":{"x":0.167,"y":0.167},"t":11,"s":[346.388,186.452,0],"to":[0,0,0],"ti":[0,0,0]},{"t":14.0000005702317,"s":[346.388,170.452,0]}],"ix":2},"a":{"a":0,"k":[46.56,48.666,0],"ix":1},"s":{"a":0,"k":[200,200,100],"ix":6}},"ao":0,"shapes":[{"ty":"gr","it":[{"ind":0,"ty":"sh","ix":1,"ks":{"a":0,"k":{"i":[[0,0],[42.876,-29.871],[-33.618,-19.449],[-13.762,8.782]],"o":[[0,0],[0,0],[0,0],[12.936,-8.257]],"v":[[35.581,31.56],[3.434,-18.545],[-12.692,28.645],[19.53,39.634]],"c":true},"ix":2},"nm":"Path 1","mn":"ADBE Vector Shape - Group","hd":false},{"ty":"fl","c":{"a":0,"k":[0.258999992819,0.505999995213,0.728999956916,1],"ix":4},"o":{"a":0,"k":100,"ix":5},"r":1,"bm":0,"nm":"Fill 1","mn":"ADBE Vector Graphic - Fill","hd":false},{"ty":"tr","p":{"a":0,"k":[46.56,48.666],"ix":2},"a":{"a":0,"k":[0,0],"ix":1},"s":{"a":0,"k":[100,100],"ix":3},"r":{"a":0,"k":0,"ix":6},"o":{"a":0,"k":100,"ix":7},"sk":{"a":0,"k":0,"ix":4},"sa":{"a":0,"k":0,"ix":5},"nm":"Transform"}],"nm":"Group 1","np":2,"cix":2,"bm":0,"ix":1,"mn":"ADBE Vector Group","hd":false}],"ip":0,"op":900.000036657751,"st":0,"bm":0},{"ddd":0,"ind":12,"ty":4,"nm":"Layer 11 Outlines","sr":1,"ks":{"o":{"a":0,"k":100,"ix":11},"r":{"a":1,"k":[{"i":{"x":[0.833],"y":[0.833]},"o":{"x":[0.167],"y":[0.167]},"t":0,"s":[0]},{"i":{"x":[0.833],"y":[0.833]},"o":{"x":[0.167],"y":[0.167]},"t":4,"s":[26.565]},{"i":{"x":[0.833],"y":[0.833]},"o":{"x":[0.167],"y":[0.167]},"t":7,"s":[0]},{"i":{"x":[0.833],"y":[0.833]},"o":{"x":[0.167],"y":[0.167]},"t":11,"s":[26.565]},{"t":14.0000005702317,"s":[0]}],"ix":10},"p":{"a":1,"k":[{"i":{"x":0.833,"y":0.833},"o":{"x":0.167,"y":0.167},"t":0,"s":[108,267,0],"to":[0,0,0],"ti":[0,0,0]},{"i":{"x":0.833,"y":0.833},"o":{"x":0.167,"y":0.167},"t":4,"s":[108,283,0],"to":[0,0,0],"ti":[0,0,0]},{"i":{"x":0.833,"y":0.833},"o":{"x":0.167,"y":0.167},"t":7,"s":[108,267,0],"to":[0,0,0],"ti":[0,0,0]},{"i":{"x":0.833,"y":0.833},"o":{"x":0.167,"y":0.167},"t":11,"s":[108,284,0],"to":[0,0,0],"ti":[0,0,0]},{"t":14.0000005702317,"s":[108,267,0]}],"ix":2},"a":{"a":0,"k":[21.5,22.5,0],"ix":1},"s":{"a":0,"k":[200,200,100],"ix":6}},"ao":0,"shapes":[{"ty":"gr","it":[{"ind":0,"ty":"sh","ix":1,"ks":{"a":0,"k":{"i":[[0,0],[7.724,15.448],[-1,-6]],"o":[[0.541,-1.623],[-5.5,-11],[0,0]],"v":[[14,-7],[-3,0],[5,-7]],"c":false},"ix":2},"nm":"Path 1","mn":"ADBE Vector Shape - Group","hd":false},{"ty":"st","c":{"a":0,"k":[0.258999992819,0.505999995213,0.728999956916,1],"ix":3},"o":{"a":0,"k":100,"ix":4},"w":{"a":0,"k":3,"ix":5},"lc":1,"lj":1,"ml":10,"bm":0,"nm":"Stroke 1","mn":"ADBE Vector Graphic - Stroke","hd":false},{"ty":"tr","p":{"a":0,"k":[12.5,27.5],"ix":2},"a":{"a":0,"k":[0,0],"ix":1},"s":{"a":0,"k":[100,100],"ix":3},"r":{"a":0,"k":0,"ix":6},"o":{"a":0,"k":100,"ix":7},"sk":{"a":0,"k":0,"ix":4},"sa":{"a":0,"k":0,"ix":5},"nm":"Transform"}],"nm":"Group 1","np":2,"cix":2,"bm":0,"ix":1,"mn":"ADBE Vector Group","hd":false}],"ip":0,"op":900.000036657751,"st":0,"bm":0},{"ddd":0,"ind":13,"ty":4,"nm":"Layer 12 Outlines","sr":1,"ks":{"o":{"a":0,"k":100,"ix":11},"r":{"a":1,"k":[{"i":{"x":[0.833],"y":[0.833]},"o":{"x":[0.167],"y":[0.167]},"t":0,"s":[0]},{"i":{"x":[0.833],"y":[0.833]},"o":{"x":[0.167],"y":[0.167]},"t":7,"s":[67.001]},{"t":14.0000005702317,"s":[0]}],"ix":10},"p":{"a":1,"k":[{"i":{"x":0.833,"y":0.833},"o":{"x":0.167,"y":0.167},"t":0,"s":[203.682,312.611,0],"to":[0,0,0],"ti":[0,0,0]},{"i":{"x":0.833,"y":0.833},"o":{"x":0.167,"y":0.167},"t":7,"s":[222.682,312.611,0],"to":[0,0,0],"ti":[0,0,0]},{"t":14.0000005702317,"s":[203.682,312.611,0]}],"ix":2},"a":{"a":1,"k":[{"i":{"x":0.833,"y":0.833},"o":{"x":0.167,"y":0.167},"t":0,"s":[25.656,32.457,0],"to":[0,0,0],"ti":[0,0,0]},{"i":{"x":0.833,"y":0.833},"o":{"x":0.167,"y":0.167},"t":7,"s":[25.656,32.457,0],"to":[0,0,0],"ti":[0,0,0]},{"t":14.0000005702317,"s":[25.656,32.457,0]}],"ix":1},"s":{"a":0,"k":[200,200,100],"ix":6}},"ao":0,"shapes":[{"ty":"gr","it":[{"ind":0,"ty":"sh","ix":1,"ks":{"a":0,"k":{"i":[[-3.624,2.442],[0,0],[1.914,2.93],[0,0],[3.942,-3.94],[-7.133,-11.067],[0,0],[-0.152,-0.203],[-1.919,-3.038],[-0.168,-0.606],[0,0]],"o":[[0,0],[2.903,-1.956],[0,0],[-3.046,-4.666],[-9.311,9.308],[0,0],[0.174,0.184],[2.012,2.712],[0.335,0.531],[0,0],[1.171,4.211]],"v":[[6.39,29.765],[21.708,19.437],[23.492,10.627],[-0.984,-26.858],[-14.539,-28.267],[-18.273,6.652],[-12.708,12.555],[-12.227,13.133],[-4.596,22.729],[-3.841,24.44],[-3.359,26.171]],"c":true},"ix":2},"nm":"Path 1","mn":"ADBE Vector Shape - Group","hd":false},{"ty":"fl","c":{"a":0,"k":[0.258999992819,0.505999995213,0.728999956916,1],"ix":4},"o":{"a":0,"k":100,"ix":5},"r":1,"bm":0,"nm":"Fill 1","mn":"ADBE Vector Graphic - Fill","hd":false},{"ty":"tr","p":{"a":0,"k":[37.156,49.957],"ix":2},"a":{"a":0,"k":[0,0],"ix":1},"s":{"a":0,"k":[100,100],"ix":3},"r":{"a":0,"k":0,"ix":6},"o":{"a":0,"k":100,"ix":7},"sk":{"a":0,"k":0,"ix":4},"sa":{"a":0,"k":0,"ix":5},"nm":"Transform"}],"nm":"Group 1","np":2,"cix":2,"bm":0,"ix":1,"mn":"ADBE Vector Group","hd":false}],"ip":0,"op":900.000036657751,"st":0,"bm":0},{"ddd":0,"ind":14,"ty":4,"nm":"Layer 13 Outlines","sr":1,"ks":{"o":{"a":0,"k":100,"ix":11},"r":{"a":1,"k":[{"i":{"x":[0.833],"y":[0.833]},"o":{"x":[0.167],"y":[0.167]},"t":0,"s":[0]},{"i":{"x":[0.833],"y":[0.833]},"o":{"x":[0.167],"y":[0.167]},"t":7,"s":[-65.847]},{"t":14.0000005702317,"s":[0]}],"ix":10},"p":{"a":1,"k":[{"i":{"x":0.833,"y":0.833},"o":{"x":0.167,"y":0.167},"t":0,"s":[350.344,317.39,0],"to":[0,0,0],"ti":[0,0,0]},{"i":{"x":0.833,"y":0.833},"o":{"x":0.167,"y":0.167},"t":7,"s":[344.344,320.629,0],"to":[0,0,0],"ti":[0,0,0]},{"t":14.0000005702317,"s":[350.344,317.39,0]}],"ix":2},"a":{"a":1,"k":[{"i":{"x":0.833,"y":0.833},"o":{"x":0.167,"y":0.167},"t":0,"s":[26.562,31.524,0],"to":[0,0,0],"ti":[0,0,0]},{"i":{"x":0.833,"y":0.833},"o":{"x":0.167,"y":0.167},"t":7,"s":[26.562,31.524,0],"to":[0,0,0],"ti":[0,0,0]},{"t":14.0000005702317,"s":[26.562,31.524,0]}],"ix":1},"s":{"a":0,"k":[200,200,100],"ix":6}},"ao":0,"shapes":[{"ty":"gr","it":[{"ind":0,"ty":"sh","ix":1,"ks":{"a":0,"k":{"i":[[3.323,2.838],[0,0],[-2.234,2.694],[0,0],[-3.469,-4.361],[8.343,-10.187],[0,0],[0.173,-0.185],[2.251,-2.801],[0.236,-0.583],[0,0]],"o":[[0,0],[-2.661,-2.272],[0,0],[3.556,-4.29],[8.196,10.304],[0,0],[-0.194,0.163],[-2.306,2.467],[-0.395,0.489],[0,0],[-1.642,4.051]],"v":[[-9.257,28.436],[-23.307,16.438],[-24.078,7.482],[4.49,-26.984],[18.116,-26.847],[17.866,8.269],[11.669,13.503],[11.126,14.023],[2.456,22.693],[1.511,24.307],[0.836,25.971]],"c":true},"ix":2},"nm":"Path 1","mn":"ADBE Vector Shape - Group","hd":false},{"ty":"fl","c":{"a":0,"k":[0.258999992819,0.505999995213,0.728999956916,1],"ix":4},"o":{"a":0,"k":100,"ix":5},"r":1,"bm":0,"nm":"Fill 1","mn":"ADBE Vector Graphic - Fill","hd":false},{"ty":"tr","p":{"a":0,"k":[20.062,47.525],"ix":2},"a":{"a":0,"k":[0,0],"ix":1},"s":{"a":0,"k":[100,100],"ix":3},"r":{"a":0,"k":0,"ix":6},"o":{"a":0,"k":100,"ix":7},"sk":{"a":0,"k":0,"ix":4},"sa":{"a":0,"k":0,"ix":5},"nm":"Transform"}],"nm":"Group 1","np":2,"cix":2,"bm":0,"ix":1,"mn":"ADBE Vector Group","hd":false}],"ip":0,"op":900.000036657751,"st":0,"bm":0},{"ddd":0,"ind":15,"ty":4,"nm":"Shape Layer 2","sr":1,"ks":{"o":{"a":0,"k":100,"ix":11},"r":{"a":0,"k":0,"ix":10},"p":{"a":0,"k":[300,300,0],"ix":2},"a":{"a":0,"k":[0,0,0],"ix":1},"s":{"a":0,"k":[200,200,100],"ix":6}},"ao":0,"shapes":[{"ty":"gr","it":[{"d":1,"ty":"el","s":{"a":0,"k":[258,258],"ix":2},"p":{"a":0,"k":[0,0],"ix":3},"nm":"Ellipse Path 1","mn":"ADBE Vector Shape - Ellipse","hd":false},{"ty":"fl","c":{"a":0,"k":[0.994186880074,1,0.929411764706,1],"ix":4},"o":{"a":0,"k":100,"ix":5},"r":1,"bm":0,"nm":"Fill 1","mn":"ADBE Vector Graphic - Fill","hd":false},{"ty":"tr","p":{"a":0,"k":[-1.5,-4],"ix":2},"a":{"a":0,"k":[0,0],"ix":1},"s":{"a":0,"k":[100,100],"ix":3},"r":{"a":0,"k":0,"ix":6},"o":{"a":0,"k":100,"ix":7},"sk":{"a":0,"k":0,"ix":4},"sa":{"a":0,"k":0,"ix":5},"nm":"Transform"}],"nm":"Ellipse 1","np":3,"cix":2,"bm":0,"ix":1,"mn":"ADBE Vector Group","hd":false}],"ip":0,"op":900.000036657751,"st":0,"bm":0}],"markers":[],"chars":[{"ch":"L","size":16,"style":"Light","w":50.2,"data":{"shapes":[{"ty":"gr","it":[{"ind":0,"ty":"sh","ix":1,"ks":{"a":0,"k":{"i":[[0,0],[0,0],[0,0],[0,0],[0,0],[0,0]],"o":[[0,0],[0,0],[0,0],[0,0],[0,0],[0,0]],"v":[[15.8,-5.9],[15.8,-69.3],[9,-69.3],[9,0],[48.4,0],[48.4,-5.9]],"c":true},"ix":2},"nm":"L","mn":"ADBE Vector Shape - Group","hd":false}],"nm":"L","np":3,"cix":2,"bm":0,"ix":1,"mn":"ADBE Vector Group","hd":false}]},"fFamily":"Ubuntu"},{"ch":"O","size":16,"style":"Light","w":77.4,"data":{"shapes":[{"ty":"gr","it":[{"ind":0,"ty":"sh","ix":1,"ks":{"a":0,"k":{"i":[[1.733,4.5],[2.966,3.034],[3.933,1.534],[4.4,0],[3.933,-1.533],[2.966,-3.033],[1.733,-4.5],[0,-5.933],[-1.734,-4.533],[-2.967,-3.033],[-3.934,-1.533],[-4.4,0],[-3.934,1.533],[-2.967,3.034],[-1.734,4.534],[0,5.934]],"o":[[-1.734,-4.5],[-2.967,-3.033],[-3.934,-1.533],[-4.4,0],[-3.934,1.534],[-2.967,3.034],[-1.734,4.5],[0,5.934],[1.733,4.534],[2.966,3.034],[3.933,1.533],[4.4,0],[3.933,-1.533],[2.966,-3.033],[1.733,-4.533],[0,-5.933]],"v":[[68.6,-50.35],[61.55,-61.65],[51.2,-68.5],[38.7,-70.8],[26.2,-68.5],[15.85,-61.65],[8.8,-50.35],[6.2,-34.7],[8.8,-19],[15.85,-7.65],[26.2,-0.8],[38.7,1.5],[51.2,-0.8],[61.55,-7.65],[68.6,-19],[71.2,-34.7]],"c":true},"ix":2},"nm":"O","mn":"ADBE Vector Shape - Group","hd":false},{"ind":1,"ty":"sh","ix":2,"ks":{"a":0,"k":{"i":[[1.2,-3.7],[2.2,-2.6],[3.1,-1.4],[3.866,0],[3.1,1.4],[2.2,2.6],[1.2,3.7],[0,4.667],[-1.2,3.7],[-2.2,2.6],[-3.1,1.367],[-3.867,0],[-3.1,-1.366],[-2.2,-2.6],[-1.2,-3.7],[0,-4.666]],"o":[[-1.2,3.7],[-2.2,2.6],[-3.1,1.4],[-3.867,0],[-3.1,-1.4],[-2.2,-2.6],[-1.2,-3.7],[0,-4.666],[1.2,-3.7],[2.2,-2.6],[3.1,-1.366],[3.866,0],[3.1,1.367],[2.2,2.6],[1.2,3.7],[0,4.667]],"v":[[62.2,-22.15],[57.1,-12.7],[49.15,-6.7],[38.7,-4.6],[28.25,-6.7],[20.3,-12.7],[15.2,-22.15],[13.4,-34.7],[15.2,-47.25],[20.3,-56.7],[28.25,-62.65],[38.7,-64.7],[49.15,-62.65],[57.1,-56.7],[62.2,-47.25],[64,-34.7]],"c":true},"ix":2},"nm":"O","mn":"ADBE Vector Shape - Group","hd":false}],"nm":"O","np":5,"cix":2,"bm":0,"ix":1,"mn":"ADBE Vector Group","hd":false}]},"fFamily":"Ubuntu"},{"ch":"A","size":16,"style":"Light","w":67.4,"data":{"shapes":[{"ty":"gr","it":[{"ind":0,"ty":"sh","ix":1,"ks":{"a":0,"k":{"i":[[0,0],[2.319,6.239],[2.258,5.556],[2.194,5.136],[2.444,5.131],[0,0],[2.219,-5.125],[2.25,-5.559],[2.341,-6.23],[2.631,-7.214],[0,0],[-1.106,3.144],[-1.156,2.994],[0,0],[-1.111,-3.142],[-1.322,-3.403]],"o":[[-2.784,-7.206],[-2.319,-6.239],[-2.258,-5.556],[-2.194,-5.134],[0,0],[-2.447,5.155],[-2.219,5.127],[-2.25,5.559],[-2.341,6.231],[0,0],[1.236,-3.384],[1.106,-3.144],[0,0],[1.013,2.978],[1.111,3.142],[0,0]],"v":[[63.2,0],[55.544,-20.167],[48.678,-37.861],[42,-53.9],[35.042,-69.3],[29.047,-69.3],[22.05,-53.88],[15.345,-37.852],[8.458,-20.167],[1,0],[8.1,0],[11.614,-9.794],[15.009,-19],[48.864,-19],[52.048,-9.819],[55.697,0]],"c":true},"ix":2},"nm":"A","mn":"ADBE Vector Shape - Group","hd":false},{"ind":1,"ty":"sh","ix":2,"ks":{"a":0,"k":{"i":[[-2.425,-5.934],[-2.559,-6.867],[0,0],[-2.377,5.927],[-2.509,5.756]],"o":[[2.423,5.934],[0,0],[2.544,-6.858],[2.377,-5.925],[2.506,5.731]],"v":[[39.247,-44.003],[46.722,-24.8],[17.142,-24.8],[24.522,-43.977],[31.85,-61.5]],"c":true},"ix":2},"nm":"A","mn":"ADBE Vector Shape - Group","hd":false}],"nm":"A","np":5,"cix":2,"bm":0,"ix":1,"mn":"ADBE Vector Group","hd":false}]},"fFamily":"Ubuntu"},{"ch":"D","size":16,"style":"Light","w":70.2,"data":{"shapes":[{"ty":"gr","it":[{"ind":0,"ty":"sh","ix":1,"ks":{"a":0,"k":{"i":[[1.866,4.4],[3.366,2.934],[4.666,1.467],[5.6,0],[3.066,-0.3],[2.333,-0.666],[0,0],[-3.067,-0.3],[-2.8,0],[-4.667,1.467],[-3.367,2.934],[-1.867,4.4],[0,5.934]],"o":[[-1.867,-4.4],[-3.367,-2.933],[-4.667,-1.466],[-2.8,0],[-3.067,0.3],[0,0],[2.333,0.6],[3.066,0.3],[5.6,0],[4.666,-1.466],[3.366,-2.933],[1.866,-4.4],[0,-5.866]],"v":[[61.2,-50.1],[53.35,-61.1],[41.3,-67.7],[25.9,-69.9],[17.1,-69.45],[9,-68],[9,-1.2],[17.1,0.15],[25.9,0.6],[41.3,-1.6],[53.35,-8.2],[61.2,-19.2],[64,-34.7]],"c":true},"ix":2},"nm":"D","mn":"ADBE Vector Shape - Group","hd":false},{"ind":1,"ty":"sh","ix":2,"ks":{"a":0,"k":{"i":[[0,0],[-1.634,0.2],[-3.6,0],[-3.734,-1.366],[-2.534,-2.533],[-1.267,-3.6],[0,-4.533],[1.266,-3.633],[2.533,-2.533],[3.733,-1.366],[5,0],[1.633,0.2],[0.4,0.067]],"o":[[0.4,-0.066],[1.633,-0.2],[5,0],[3.733,1.367],[2.533,2.534],[1.266,3.6],[0,4.534],[-1.267,3.634],[-2.534,2.534],[-3.734,1.367],[-3.6,0],[-1.634,-0.2],[0,0]],"v":[[15.8,-63.3],[18.85,-63.7],[26.7,-64],[39.8,-61.95],[49.2,-56.1],[54.9,-46.9],[56.8,-34.7],[54.9,-22.45],[49.2,-13.2],[39.8,-7.35],[26.7,-5.3],[18.85,-5.6],[15.8,-6]],"c":true},"ix":2},"nm":"D","mn":"ADBE Vector Shape - Group","hd":false}],"nm":"D","np":5,"cix":2,"bm":0,"ix":1,"mn":"ADBE Vector Group","hd":false}]},"fFamily":"Ubuntu"},{"ch":"I","size":16,"style":"Light","w":24.8,"data":{"shapes":[{"ty":"gr","it":[{"ind":0,"ty":"sh","ix":1,"ks":{"a":0,"k":{"i":[[0,0],[0,0],[0,0],[0,0]],"o":[[0,0],[0,0],[0,0],[0,0]],"v":[[9,0],[15.8,0],[15.8,-69.3],[9,-69.3]],"c":true},"ix":2},"nm":"I","mn":"ADBE Vector Shape - Group","hd":false}],"nm":"I","np":3,"cix":2,"bm":0,"ix":1,"mn":"ADBE Vector Group","hd":false}]},"fFamily":"Ubuntu"},{"ch":"N","size":16,"style":"Light","w":70.9,"data":{"shapes":[{"ty":"gr","it":[{"ind":0,"ty":"sh","ix":1,"ks":{"a":0,"k":{"i":[[0,0],[0,0],[0,0],[0,0],[3.238,4.931],[3.736,5.166],[3.887,4.977],[3.403,3.797],[0,0],[0,0],[0,0],[0,0],[-2.45,-3.122],[-2.559,-3.572],[-2.581,-3.778],[-2.375,-3.538],[-1.942,-3.15],[-1.286,-2.319]],"o":[[0,0],[0,0],[0,0],[-2.075,-3.661],[-3.238,-4.93],[-3.736,-5.164],[-3.888,-4.975],[0,0],[0,0],[0,0],[0,0],[1.9,2.272],[2.45,3.122],[2.559,3.572],[2.581,3.78],[2.373,3.539],[1.942,3.15],[0,0]],"v":[[61.9,0],[61.9,-69.3],[55.2,-69.3],[55.2,-12.9],[47.233,-25.788],[36.772,-40.93],[25.338,-56.141],[14.4,-69.3],[9,-69.3],[9,0],[15.7,0],[15.7,-58.373],[22.223,-50.281],[29.738,-40.241],[37.45,-29.216],[44.884,-18.239],[51.358,-8.205],[56.2,0]],"c":true},"ix":2},"nm":"N","mn":"ADBE Vector Shape - Group","hd":false}],"nm":"N","np":3,"cix":2,"bm":0,"ix":1,"mn":"ADBE Vector Group","hd":false}]},"fFamily":"Ubuntu"},{"ch":"G","size":16,"style":"Light","w":65.8,"data":{"shapes":[{"ty":"gr","it":[{"ind":0,"ty":"sh","ix":1,"ks":{"a":0,"k":{"i":[[0,0],[2.3,-0.366],[3.4,0],[3.2,1.4],[2.166,2.634],[1.066,3.7],[0,4.6],[-1.3,3.734],[-2.267,2.534],[-3.067,1.267],[-3.467,0],[-3.2,-0.833],[-1.867,-1.333],[0,0],[3.333,1.1],[5.133,0],[3.933,-1.6],[2.966,-3.033],[1.733,-4.5],[0,-5.8],[-1.6,-4.5],[-2.834,-3.033],[-3.867,-1.6],[-4.534,0],[-3.7,0.833],[-1.267,0.534],[0,0],[0,0]],"o":[[-0.8,0.334],[-2.3,0.367],[-4.2,0],[-3.2,-1.4],[-2.167,-2.633],[-1.067,-3.7],[0,-4.933],[1.3,-3.733],[2.266,-2.533],[3.066,-1.266],[3.733,0],[3.2,0.834],[0,0],[-1.534,-1],[-3.334,-1.1],[-4.467,0],[-3.934,1.6],[-2.967,3.034],[-1.734,4.5],[0,5.8],[1.6,4.5],[2.833,3.034],[3.866,1.6],[5.4,0],[3.7,-0.833],[0,0],[0,0],[0,0]],"v":[[52.2,-6.2],[47.55,-5.15],[39,-4.6],[27.9,-6.7],[19.85,-12.75],[15,-22.25],[13.4,-34.7],[15.35,-47.7],[20.7,-57.1],[28.7,-62.8],[38.5,-64.7],[48.9,-63.45],[56.5,-60.2],[58.8,-66],[51.5,-69.15],[38.8,-70.8],[26.2,-68.4],[15.85,-61.45],[8.8,-50.15],[6.2,-34.7],[8.6,-19.25],[15.25,-7.95],[25.3,-1],[37.9,1.4],[51.55,0.15],[59,-1.9],[59,-32.8],[52.2,-32.8]],"c":true},"ix":2},"nm":"G","mn":"ADBE Vector Shape - Group","hd":false}],"nm":"G","np":3,"cix":2,"bm":0,"ix":1,"mn":"ADBE Vector Group","hd":false}]},"fFamily":"Ubuntu"},{"ch":".","size":16,"style":"Light","w":24.6,"data":{"shapes":[{"ty":"gr","it":[{"ind":0,"ty":"sh","ix":1,"ks":{"a":0,"k":{"i":[[0.966,1.067],[1.733,0],[0.966,-1.066],[0,-1.533],[-0.967,-1.066],[-1.734,0],[-0.967,1.066],[0,1.534]],"o":[[-0.967,-1.066],[-1.734,0],[-0.967,1.067],[0,1.534],[0.966,1.066],[1.733,0],[0.966,-1.066],[0,-1.533]],"v":[[16.35,-8.2],[12.3,-9.8],[8.25,-8.2],[6.8,-4.3],[8.25,-0.4],[12.3,1.2],[16.35,-0.4],[17.8,-4.3]],"c":true},"ix":2},"nm":".","mn":"ADBE Vector Shape - Group","hd":false}],"nm":".","np":3,"cix":2,"bm":0,"ix":1,"mn":"ADBE Vector Group","hd":false}]},"fFamily":"Ubuntu"}]}